name,category,filename,image_url,pexels_url,status
Crispy Corn Pepper Toss,Appetizers,appetizers/crispy-corn-pepper-toss.jpg,https://images.pexels.com/photos/36009494/pexels-photo-36009494.jpeg?auto=compress&cs=tinysrgb&h=650&w=940,https://www.pexels.com/photo/appetizing-fried-chicken-with-bell-peppers-36009494/,downloaded
Paneer Tikka Skewers,Appetizers,appetizers/paneer-tikka-skewers.jpg,https://images.pexels.com/photos/3928854/pexels-photo-3928854.png?auto=compress&cs=tinysrgb&h=650&w=940,https://www.pexels.com/photo/food-on-a-plate-3928854/,downloaded
Stuffed Mushroom Caps,Appetizers,appetizers/stuffed-mushroom-caps.jpg,https://images.pexels.com/photos/10359397/pexels-photo-10359397.jpeg?auto=compress&cs=tinysrgb&h=650&w=940,https://www.pexels.com/photo/a-plate-of-delicious-brown-round-bread-with-cream-cheese-and-rosemary-10359397/,downloaded
Veg Spring Rolls,Appetizers,appetizers/veg-spring-rolls.jpg,https://images.pexels.com/photos/30604611/pexels-photo-30604611.jpeg?auto=compress&cs=tinysrgb&h=650&w=940,https://www.pexels.com/photo/gourmet-sushi-roll-with-vegetables-and-crispy-topping-30604611/,downloaded
Chicken Satay Sticks,Appetizers,appetizers/chicken-satay-sticks.jpg,https://images.pexels.com/photos/37081067/pexels-photo-37081067.jpeg?auto=compress&cs=tinysrgb&h=650&w=940,https://www.pexels.com/photo/delicious-indonesian-satay-skewers-and-refreshing-lemonade-37081067/,downloaded
Fish Finger Basket,Appetizers,appetizers/fish-finger-basket.jpg,https://images.pexels.com/photos/17598287/pexels-photo-17598287.jpeg?auto=compress&cs=tinysrgb&h=650&w=940,https://www.pexels.com/photo/a-small-tray-with-some-food-and-a-cup-of-tea-17598287/,downloaded
Loaded Nachos Supreme,Appetizers,appetizers/loaded-nachos-supreme.jpg,https://images.pexels.com/photos/29851128/pexels-photo-29851128.jpeg?auto=compress&cs=tinysrgb&h=650&w=940,https://www.pexels.com/photo/delicious-beef-nachos-with-fresh-toppings-29851128/,downloaded
Tomato Basil Soup,Soups,soups/tomato-basil-soup.jpg,https://images.pexels.com/photos/2421593/pexels-photo-2421593.jpeg?auto=compress&cs=tinysrgb&h=650&w=940,https://www.pexels.com/photo/white-ceramic-mug-with-soup-beside-spoon-2421593/,downloaded
Sweet Corn Soup,Soups,soups/sweet-corn-soup.jpg,https://images.pexels.com/photos/35041910/pexels-photo-35041910.jpeg?auto=compress&cs=tinysrgb&h=650&w=940,https://www.pexels.com/photo/colorful-vegetable-soup-with-fresh-ingredients-35041910/,downloaded
Hot and Sour Veg Soup,Soups,soups/hot-and-sour-veg-soup.jpg,https://images.pexels.com/photos/25325508/pexels-photo-25325508.jpeg?auto=compress&cs=tinysrgb&h=650&w=940,https://www.pexels.com/photo/soup-in-a-white-bowl-on-a-table-25325508/,downloaded
Cream of Mushroom Soup,Soups,soups/cream-of-mushroom-soup.jpg,https://images.pexels.com/photos/5175536/pexels-photo-5175536.jpeg?auto=compress&cs=tinysrgb&h=650&w=940,https://www.pexels.com/photo/white-and-black-ceramic-bowl-beside-a-bread-5175536/,downloaded
Chicken Clear Soup,Soups,soups/chicken-clear-soup.jpg,https://images.pexels.com/photos/32655229/pexels-photo-32655229.jpeg?auto=compress&cs=tinysrgb&h=650&w=940,https://www.pexels.com/photo/hearty-ecuadorian-chicken-soup-in-white-bowl-32655229/,downloaded
Hot and Sour Chicken Soup,Soups,soups/hot-and-sour-chicken-soup.jpg,https://images.pexels.com/photos/16845652/pexels-photo-16845652.jpeg?auto=compress&cs=tinysrgb&h=650&w=940,https://www.pexels.com/photo/black-bowl-of-soup-16845652/,downloaded
Seafood Laksa Soup,Soups,soups/seafood-laksa-soup.jpg,https://images.pexels.com/photos/28907751/pexels-photo-28907751.jpeg?auto=compress&cs=tinysrgb&h=650&w=940,https://www.pexels.com/photo/delicious-asian-noodle-bowl-with-fresh-herbs-28907751/,downloaded
Garden Green Salad,Salads,salads/garden-green-salad.jpg,https://images.pexels.com/photos/36285423/pexels-photo-36285423.jpeg?auto=compress&cs=tinysrgb&h=650&w=940,https://www.pexels.com/photo/close-up-of-fresh-green-lettuce-leaves-36285423/,downloaded
Greek Feta Salad,Salads,salads/greek-feta-salad.jpg,https://images.pexels.com/photos/724669/pexels-photo-724669.jpeg?auto=compress&cs=tinysrgb&h=650&w=940,https://www.pexels.com/photo/vegetable-slices-on-brown-ceramic-bowl-724669/,downloaded
Quinoa Roasted Veg Salad,Salads,salads/quinoa-roasted-veg-salad.jpg,https://images.pexels.com/photos/4899793/pexels-photo-4899793.jpeg?auto=compress&cs=tinysrgb&h=650&w=940,https://www.pexels.com/photo/close-up-shot-of-a-dish-on-a-plate-4899793/,downloaded
Caesar Salad,Salads,salads/caesar-salad.jpg,https://images.pexels.com/photos/29935339/pexels-photo-29935339.jpeg?auto=compress&cs=tinysrgb&h=650&w=940,https://www.pexels.com/photo/delicious-caesar-salad-with-grilled-chicken-29935339/,downloaded
Chicken Caesar Salad,Salads,salads/chicken-caesar-salad.jpg,https://images.pexels.com/photos/28618639/pexels-photo-28618639.jpeg?auto=compress&cs=tinysrgb&h=650&w=940,https://www.pexels.com/photo/delicious-caesar-salad-with-grilled-chicken-28618639/,downloaded
Asian Sesame Chicken Salad,Salads,salads/asian-sesame-chicken-salad.jpg,https://images.pexels.com/photos/28752808/pexels-photo-28752808.jpeg?auto=compress&cs=tinysrgb&h=650&w=940,https://www.pexels.com/photo/delicious-chicken-noodle-salad-with-fresh-vegetables-28752808/,downloaded
Prawn Avocado Salad,Salads,salads/prawn-avocado-salad.jpg,https://images.pexels.com/photos/10875295/pexels-photo-10875295.jpeg?auto=compress&cs=tinysrgb&h=650&w=940,https://www.pexels.com/photo/shrimp-dish-with-vegetable-salad-in-a-plate-10875295/,downloaded
Margherita Classica,Pizza,pizza/margherita-classica.jpg,https://images.pexels.com/photos/35819048/pexels-photo-35819048.jpeg?auto=compress&cs=tinysrgb&h=650&w=940,https://www.pexels.com/photo/delicious-margherita-pizza-with-rose-petals-35819048/,downloaded
Farmhouse Delight,Pizza,pizza/farmhouse-delight.jpg,https://images.pexels.com/photos/11496921/pexels-photo-11496921.jpeg?auto=compress&cs=tinysrgb&h=650&w=940,https://www.pexels.com/photo/blue-sky-over-field-in-countryside-11496921/,downloaded
Truffle Paneer Tikka Pizza,Pizza,pizza/truffle-paneer-tikka-pizza.jpg,https://images.pexels.com/photos/19081127/pexels-photo-19081127.jpeg?auto=compress&cs=tinysrgb&h=650&w=940,https://www.pexels.com/photo/pizza-19081127/,downloaded
Four Cheese Pizza,Pizza,pizza/four-cheese-pizza.jpg,https://images.pexels.com/photos/33458021/pexels-photo-33458021.jpeg?auto=compress&cs=tinysrgb&h=650&w=940,https://www.pexels.com/photo/close-up-of-delicious-four-cheese-pizza-on-wooden-table-33458021/,downloaded
Pepperoni Inferno,Pizza,pizza/pepperoni-inferno.jpg,https://images.pexels.com/photos/6488931/pexels-photo-6488931.jpeg?auto=compress&cs=tinysrgb&h=650&w=940,https://www.pexels.com/photo/delicious-pizza-with-pepperoni-and-chili-pepper-slices-6488931/,downloaded
BBQ Chicken Pizza,Pizza,pizza/bbq-chicken-pizza.jpg,https://images.pexels.com/photos/29839587/pexels-photo-29839587.jpeg?auto=compress&cs=tinysrgb&h=650&w=940,https://www.pexels.com/photo/delicious-bbq-chicken-pizza-on-wooden-table-29839587/,downloaded
Seafood Marinara Pizza,Pizza,pizza/seafood-marinara-pizza.jpg,https://images.pexels.com/photos/14966000/pexels-photo-14966000.jpeg?auto=compress&cs=tinysrgb&h=650&w=940,https://www.pexels.com/photo/delicious-pizzas-and-a-plate-of-seafood-marinara-14966000/,downloaded
Classic Veg Burger,Burgers,burgers/classic-veg-burger.jpg,https://images.pexels.com/photos/13062450/pexels-photo-13062450.jpeg?auto=compress&cs=tinysrgb&h=650&w=940,https://www.pexels.com/photo/burger-on-white-ceramic-plate-13062450/,downloaded
Paneer Crunch Burger,Burgers,burgers/paneer-crunch-burger.jpg,https://images.pexels.com/photos/11354487/pexels-photo-11354487.jpeg?auto=compress&cs=tinysrgb&h=650&w=940,https://www.pexels.com/photo/close-up-photo-of-delicious-chicken-burger-11354487/,downloaded
Mushroom Melt Burger,Burgers,burgers/mushroom-melt-burger.jpg,https://images.pexels.com/photos/5474637/pexels-photo-5474637.jpeg?auto=compress&cs=tinysrgb&h=650&w=940,https://www.pexels.com/photo/close-up-shot-of-a-mouth-watering-hamburger-5474637/,downloaded
Mexican Bean Burger,Burgers,burgers/mexican-bean-burger.jpg,https://images.pexels.com/photos/15076692/pexels-photo-15076692.jpeg?auto=compress&cs=tinysrgb&h=650&w=940,https://www.pexels.com/photo/burger-15076692/,downloaded
Chicken Cheese Burger,Burgers,burgers/chicken-cheese-burger.jpg,https://images.pexels.com/photos/11299742/pexels-photo-11299742.jpeg?auto=compress&cs=tinysrgb&h=650&w=940,https://www.pexels.com/photo/burger-and-french-fries-on-a-wood-slice-tray-11299742/,downloaded
Crispy Chicken Burger,Burgers,burgers/crispy-chicken-burger.jpg,https://images.pexels.com/photos/34407059/pexels-photo-34407059.jpeg?auto=compress&cs=tinysrgb&h=650&w=940,https://www.pexels.com/photo/crispy-chicken-burger-and-fries-on-wooden-board-34407059/,downloaded
Lamb Gourmet Burger,Burgers,burgers/lamb-gourmet-burger.jpg,https://images.pexels.com/photos/33253821/pexels-photo-33253821.jpeg?auto=compress&cs=tinysrgb&h=650&w=940,https://www.pexels.com/photo/gourmet-burger-with-fries-on-rustic-table-33253821/,downloaded
Veg Club Sandwich,Sandwiches,sandwiches/veg-club-sandwich.jpg,https://images.pexels.com/photos/5639689/pexels-photo-5639689.jpeg?auto=compress&cs=tinysrgb&h=650&w=940,https://www.pexels.com/photo/close-up-shot-of-sandwiches-5639689/,downloaded
Grilled Corn Cheese Sandwich,Sandwiches,sandwiches/grilled-corn-cheese-sandwich.jpg,https://images.pexels.com/photos/36268517/pexels-photo-36268517.jpeg?auto=compress&cs=tinysrgb&h=650&w=940,https://www.pexels.com/photo/grilled-paneer-corn-sandwich-with-sauces-36268517/,downloaded
Pesto Veg Panini,Sandwiches,sandwiches/pesto-veg-panini.jpg,https://images.pexels.com/photos/33755326/pexels-photo-33755326.jpeg?auto=compress&cs=tinysrgb&h=650&w=940,https://www.pexels.com/photo/gourmet-sandwich-with-fresh-greens-and-pesto-33755326/,downloaded
Bombay Masala Sandwich,Sandwiches,sandwiches/bombay-masala-sandwich.jpg,https://images.pexels.com/photos/34682732/pexels-photo-34682732.jpeg?auto=compress&cs=tinysrgb&h=650&w=940,https://www.pexels.com/photo/delicious-indian-snack-vada-pav-with-spicy-chili-34682732/,downloaded
Chicken Mayo Sandwich,Sandwiches,sandwiches/chicken-mayo-sandwich.jpg,https://images.pexels.com/photos/32177596/pexels-photo-32177596.jpeg?auto=compress&cs=tinysrgb&h=650&w=940,https://www.pexels.com/photo/crispy-chicken-burger-with-mayo-drizzle-32177596/,downloaded
Peri Peri Chicken Panini,Sandwiches,sandwiches/peri-peri-chicken-panini.jpg,https://images.pexels.com/photos/29614913/pexels-photo-29614913.jpeg?auto=compress&cs=tinysrgb&h=650&w=940,https://www.pexels.com/photo/delicious-panini-with-french-fries-and-salad-29614913/,downloaded
Tuna Melt Sandwich,Sandwiches,sandwiches/tuna-melt-sandwich.jpg,https://images.pexels.com/photos/27905900/pexels-photo-27905900.jpeg?auto=compress&cs=tinysrgb&h=650&w=940,https://www.pexels.com/photo/a-sandwich-with-cheese-lettuce-tomato-and-fries-27905900/,downloaded
Arrabbiata Penne,Pasta,pasta/arrabbiata-penne.jpg,https://images.pexels.com/photos/32689480/pexels-photo-32689480.jpeg?auto=compress&cs=tinysrgb&h=650&w=940,https://www.pexels.com/photo/delicious-pasta-dishes-at-buffet-setting-32689480/,downloaded
Alfredo Fettuccine,Pasta,pasta/alfredo-fettuccine.jpg,https://images.pexels.com/photos/5639532/pexels-photo-5639532.jpeg?auto=compress&cs=tinysrgb&h=650&w=940,https://www.pexels.com/photo/overhead-view-of-meal-with-cheese-5639532/,downloaded
Pesto Primavera Pasta,Pasta,pasta/pesto-primavera-pasta.jpg,https://images.pexels.com/photos/29042346/pexels-photo-29042346.jpeg?auto=compress&cs=tinysrgb&h=650&w=940,https://www.pexels.com/photo/delicious-pesto-penne-pasta-dish-in-sydney-29042346/,downloaded
Baked Mac and Cheese,Pasta,pasta/baked-mac-and-cheese.jpg,https://images.pexels.com/photos/12916866/pexels-photo-12916866.jpeg?auto=compress&cs=tinysrgb&h=650&w=940,https://www.pexels.com/photo/cheese-and-meat-in-box-12916866/,downloaded
Chicken Alfredo Pasta,Pasta,pasta/chicken-alfredo-pasta.jpg,https://images.pexels.com/photos/5175578/pexels-photo-5175578.jpeg?auto=compress&cs=tinysrgb&h=650&w=940,https://www.pexels.com/photo/white-pasta-on-ceramic-pan-5175578/,downloaded
Spaghetti Meatball Marinara,Pasta,pasta/spaghetti-meatball-marinara.jpg,https://images.pexels.com/photos/34480434/pexels-photo-34480434.jpeg?auto=compress&cs=tinysrgb&h=650&w=940,https://www.pexels.com/photo/gourmet-plateau-of-spaghetti-and-meatballs-34480434/,downloaded
Seafood Aglio Olio,Pasta,pasta/seafood-aglio-olio.jpg,https://images.pexels.com/photos/4190997/pexels-photo-4190997.jpeg?auto=compress&cs=tinysrgb&h=650&w=940,https://www.pexels.com/photo/yummy-pasta-with-veggies-placed-on-table-near-scattered-peppers-and-spices-4190997/,downloaded
Risotto Funghi,Italian,italian/risotto-funghi.jpg,https://images.pexels.com/photos/8864543/pexels-photo-8864543.jpeg?auto=compress&cs=tinysrgb&h=650&w=940,https://www.pexels.com/photo/cooked-food-on-white-ceramic-plate-8864543/,downloaded
Spinach Ricotta Ravioli,Italian,italian/spinach-ricotta-ravioli.jpg,https://images.pexels.com/photos/34565195/pexels-photo-34565195.jpeg?auto=compress&cs=tinysrgb&h=650&w=940,https://www.pexels.com/photo/gourmet-ravioli-with-tomato-sauce-and-spinach-34565195/,downloaded
Veg Lasagna al Forno,Italian,italian/veg-lasagna-al-forno.jpg,https://images.pexels.com/photos/5949897/pexels-photo-5949897.jpeg?auto=compress&cs=tinysrgb&h=650&w=940,https://www.pexels.com/photo/cheesy-lasagna-dish-on-a-plate-5949897/,downloaded
Gnocchi Pomodoro,Italian,italian/gnocchi-pomodoro.jpg,https://images.pexels.com/photos/6240973/pexels-photo-6240973.jpeg?auto=compress&cs=tinysrgb&h=650&w=940,https://www.pexels.com/photo/tasty-gnocchi-with-tomatoes-and-herbs-on-plate-6240973/,downloaded
Chicken Lasagna,Italian,italian/chicken-lasagna.jpg,https://images.pexels.com/photos/5724557/pexels-photo-5724557.jpeg?auto=compress&cs=tinysrgb&h=650&w=940,https://www.pexels.com/photo/baked-lasagna-on-a-disposable-food-tray-5724557/,downloaded
Chicken Parmigiana,Italian,italian/chicken-parmigiana.jpg,https://images.pexels.com/photos/29042349/pexels-photo-29042349.jpeg?auto=compress&cs=tinysrgb&h=650&w=940,https://www.pexels.com/photo/gourmet-chicken-parmigiana-with-chips-and-salad-29042349/,downloaded
Seafood Risotto,Italian,italian/seafood-risotto.jpg,https://images.pexels.com/photos/31779538/pexels-photo-31779538.jpeg?auto=compress&cs=tinysrgb&h=650&w=940,https://www.pexels.com/photo/delicious-seafood-risotto-with-shrimp-and-clams-31779538/,downloaded
Veg Hakka Noodles,Chinese,chinese/veg-hakka-noodles.jpg,https://images.pexels.com/photos/9045147/pexels-photo-9045147.jpeg?auto=compress&cs=tinysrgb&h=650&w=940,https://www.pexels.com/photo/noodle-dish-on-ceramic-plate-9045147/,downloaded
Veg Fried Rice,Chinese,chinese/veg-fried-rice.jpg,https://images.pexels.com/photos/10695966/pexels-photo-10695966.jpeg?auto=compress&cs=tinysrgb&h=650&w=940,https://www.pexels.com/photo/rice-bowl-with-mixed-vegetable-toppings-10695966/,downloaded
Paneer Chilli Dry,Chinese,chinese/paneer-chilli-dry.jpg,https://images.pexels.com/photos/28674541/pexels-photo-28674541.jpeg?auto=compress&cs=tinysrgb&h=650&w=940,https://www.pexels.com/photo/delicious-paneer-tikka-in-rich-tomato-gravy-28674541/,downloaded
Gobi Manchurian,Chinese,chinese/gobi-manchurian.jpg,https://images.pexels.com/photos/35071824/pexels-photo-35071824.jpeg?auto=compress&cs=tinysrgb&h=650&w=940,https://www.pexels.com/photo/delicious-crispy-cauliflower-with-sauces-35071824/,downloaded
Chicken Schezwan Noodles,Chinese,chinese/chicken-schezwan-noodles.jpg,https://images.pexels.com/photos/35779075/pexels-photo-35779075.jpeg?auto=compress&cs=tinysrgb&h=650&w=940,https://www.pexels.com/photo/delicious-schezwan-stir-fried-noodles-with-paneer-35779075/,downloaded
Chicken Fried Rice,Chinese,chinese/chicken-fried-rice.jpg,https://images.pexels.com/photos/34668500/pexels-photo-34668500.jpeg?auto=compress&cs=tinysrgb&h=650&w=940,https://www.pexels.com/photo/delicious-asian-chicken-fried-rice-dish-34668500/,downloaded
Chilli Garlic Prawns,Chinese,chinese/chilli-garlic-prawns.jpg,https://images.pexels.com/photos/7111475/pexels-photo-7111475.jpeg?auto=compress&cs=tinysrgb&h=650&w=940,https://www.pexels.com/photo/cooked-food-on-the-plate-7111475/,downloaded
Veg Sushi Roll,Japanese,japanese/veg-sushi-roll.jpg,https://images.pexels.com/photos/30604611/pexels-photo-30604611.jpeg?auto=compress&cs=tinysrgb&h=650&w=940,https://www.pexels.com/photo/gourmet-sushi-roll-with-vegetables-and-crispy-topping-30604611/,downloaded
Avocado Inari Pocket,Japanese,japanese/avocado-inari-pocket.jpg,https://images.pexels.com/photos/37332346/pexels-photo-37332346.jpeg?auto=compress&cs=tinysrgb&h=650&w=940,https://www.pexels.com/photo/delicious-japanese-inari-sushi-rolls-in-bowl-37332346/,downloaded
Vegetable Tempura,Japanese,japanese/vegetable-tempura.jpg,https://images.pexels.com/photos/20891777/pexels-photo-20891777.jpeg?auto=compress&cs=tinysrgb&h=650&w=940,https://www.pexels.com/photo/seafood-on-plate-20891777/,downloaded
Tofu Teriyaki Bowl,Japanese,japanese/tofu-teriyaki-bowl.jpg,https://images.pexels.com/photos/17308546/pexels-photo-17308546.jpeg?auto=compress&cs=tinysrgb&h=650&w=940,https://www.pexels.com/photo/a-bowl-of-rice-with-meat-and-green-onions-17308546/,downloaded
Chicken Katsu Curry,Japanese,japanese/chicken-katsu-curry.jpg,https://images.pexels.com/photos/17593646/pexels-photo-17593646.jpeg?auto=compress&cs=tinysrgb&h=650&w=940,https://www.pexels.com/photo/close-up-of-a-chicken-curry-katsu-dish-17593646/,downloaded
Teriyaki Chicken Bowl,Japanese,japanese/teriyaki-chicken-bowl.jpg,https://images.pexels.com/photos/17308537/pexels-photo-17308537.jpeg?auto=compress&cs=tinysrgb&h=650&w=940,https://www.pexels.com/photo/close-up-of-a-dish-with-rice-and-chicken-in-sauce-topped-with-spring-onion-17308537/,downloaded
Salmon Sushi Roll,Japanese,japanese/salmon-sushi-roll.jpg,https://images.pexels.com/photos/1148086/pexels-photo-1148086.jpeg?auto=compress&cs=tinysrgb&h=650&w=940,https://www.pexels.com/photo/close-up-photo-of-three-sushi-1148086/,downloaded
Veg Quesadilla,Mexican,mexican/veg-quesadilla.jpg,https://images.pexels.com/photos/5836439/pexels-photo-5836439.jpeg?auto=compress&cs=tinysrgb&h=650&w=940,https://www.pexels.com/photo/bread-and-sauces-on-plate-5836439/,downloaded
Bean Burrito Bowl,Mexican,mexican/bean-burrito-bowl.jpg,https://images.pexels.com/photos/10696501/pexels-photo-10696501.jpeg?auto=compress&cs=tinysrgb&h=650&w=940,https://www.pexels.com/photo/meal-in-bowl-10696501/,downloaded
Mexican Corn Cups,Mexican,mexican/mexican-corn-cups.jpg,https://images.pexels.com/photos/33661250/pexels-photo-33661250.jpeg?auto=compress&cs=tinysrgb&h=650&w=940,https://www.pexels.com/photo/delicious-mexican-elotes-in-white-cups-on-yellow-background-33661250/,downloaded
Loaded Veg Tacos,Mexican,mexican/loaded-veg-tacos.jpg,https://images.pexels.com/photos/5848703/pexels-photo-5848703.jpeg?auto=compress&cs=tinysrgb&h=650&w=940,https://www.pexels.com/photo/scrumptious-tacos-on-a-plate-5848703/,downloaded
Chicken Quesadilla,Mexican,mexican/chicken-quesadilla.jpg,https://images.pexels.com/photos/14930606/pexels-photo-14930606.jpeg?auto=compress&cs=tinysrgb&h=650&w=940,https://www.pexels.com/photo/quesadillas-beside-salsa-and-mayonnaise-on-cups-14930606/,downloaded
Chipotle Chicken Burrito,Mexican,mexican/chipotle-chicken-burrito.jpg,https://images.pexels.com/photos/27365297/pexels-photo-27365297.jpeg?auto=compress&cs=tinysrgb&h=650&w=940,https://www.pexels.com/photo/mexican-restaurant-27365297/,downloaded
Prawn Taco Trio,Mexican,mexican/prawn-taco-trio.jpg,https://images.pexels.com/photos/38895468/pexels-photo-38895468.jpeg?auto=compress&cs=tinysrgb&h=650&w=940,https://www.pexels.com/photo/delicious-shrimp-tacos-with-lime-and-sauce-38895468/,downloaded
Paneer Butter Masala,Indian,indian/paneer-butter-masala.jpg,https://images.pexels.com/photos/9609838/pexels-photo-9609838.jpeg?auto=compress&cs=tinysrgb&h=650&w=940,https://www.pexels.com/photo/paneer-butter-masala-9609838/,downloaded
Dal Makhani,Indian,indian/dal-makhani.jpg,https://images.pexels.com/photos/37182513/pexels-photo-37182513.jpeg?auto=compress&cs=tinysrgb&h=650&w=940,https://www.pexels.com/photo/dal-makhani-with-butter-on-yellow-tablecloth-37182513/,downloaded
Veg Kadai Masala,Indian,indian/veg-kadai-masala.jpg,https://images.pexels.com/photos/27254878/pexels-photo-27254878.jpeg?auto=compress&cs=tinysrgb&h=650&w=940,https://www.pexels.com/photo/vegan-curry-masala-27254878/,downloaded
Malai Kofta,Indian,indian/malai-kofta.jpg,https://images.pexels.com/photos/36343375/pexels-photo-36343375.jpeg?auto=compress&cs=tinysrgb&h=650&w=940,https://www.pexels.com/photo/delicious-spicy-indian-aloo-kofta-curry-dish-36343375/,downloaded
Butter Chicken,Indian,indian/butter-chicken.jpg,https://images.pexels.com/photos/9738981/pexels-photo-9738981.jpeg?auto=compress&cs=tinysrgb&h=650&w=940,https://www.pexels.com/photo/meat-stout-with-lemon-9738981/,downloaded
Chicken Tikka Masala,Indian,indian/chicken-tikka-masala.jpg,https://images.pexels.com/photos/10508207/pexels-photo-10508207.jpeg?auto=compress&cs=tinysrgb&h=650&w=940,https://www.pexels.com/photo/bowls-of-mouth-watering-indian-food-on-a-wooden-table-10508207/,downloaded
Mutton Rogan Josh,Indian,indian/mutton-rogan-josh.jpg,https://images.pexels.com/photos/9609868/pexels-photo-9609868.jpeg?auto=compress&cs=tinysrgb&h=650&w=940,https://www.pexels.com/photo/a-chicken-meal-in-a-ceramic-bowl-9609868/,downloaded
Idli Sambar,South Indian,south-indian/idli-sambar.jpg,https://images.pexels.com/photos/20422128/pexels-photo-20422128.jpeg?auto=compress&cs=tinysrgb&h=650&w=940,https://www.pexels.com/photo/meal-and-soup-20422128/,downloaded
Ghee Roast Dosa,South Indian,south-indian/ghee-roast-dosa.jpg,https://images.pexels.com/photos/20422138/pexels-photo-20422138.jpeg?auto=compress&cs=tinysrgb&h=650&w=940,https://www.pexels.com/photo/triangular-bread-on-plate-20422138/,downloaded
Masala Uttapam,South Indian,south-indian/masala-uttapam.jpg,https://images.pexels.com/photos/20422130/pexels-photo-20422130.jpeg?auto=compress&cs=tinysrgb&h=650&w=940,https://www.pexels.com/photo/pizza-on-plate-20422130/,downloaded
Pongal with Vada,South Indian,south-indian/pongal-with-vada.jpg,https://images.pexels.com/photos/21751212/pexels-photo-21751212.jpeg?auto=compress&cs=tinysrgb&h=650&w=940,https://www.pexels.com/photo/sweet-bakery-snack-21751212/,downloaded
Chicken Chettinad,South Indian,south-indian/chicken-chettinad.jpg,https://images.pexels.com/photos/20408438/pexels-photo-20408438.jpeg?auto=compress&cs=tinysrgb&h=650&w=940,https://www.pexels.com/photo/spices-and-meal-in-pot-20408438/,downloaded
Madurai Mutton Sukka,South Indian,south-indian/madurai-mutton-sukka.jpg,https://images.pexels.com/photos/28674568/pexels-photo-28674568.jpeg?auto=compress&cs=tinysrgb&h=650&w=940,https://www.pexels.com/photo/delicious-indian-mutton-curry-with-bone-marrow-28674568/,downloaded
Meen Kuzhambu,South Indian,south-indian/meen-kuzhambu.jpg,https://images.pexels.com/photos/35041661/pexels-photo-35041661.jpeg?auto=compress&cs=tinysrgb&h=650&w=940,https://www.pexels.com/photo/delicious-indian-curry-in-stainless-steel-pot-35041661/,downloaded
Paneer Tikka Masala,North Indian,north-indian/paneer-tikka-masala.jpg,https://images.pexels.com/photos/30858420/pexels-photo-30858420.jpeg?auto=compress&cs=tinysrgb&h=650&w=940,https://www.pexels.com/photo/delicious-paneer-tikka-masala-in-bengaluru-restaurant-30858420/,downloaded
Chole Bhature,North Indian,north-indian/chole-bhature.jpg,https://images.pexels.com/photos/36388454/pexels-photo-36388454.jpeg?auto=compress&cs=tinysrgb&h=650&w=940,https://www.pexels.com/photo/traditional-indian-plate-with-puri-and-chole-36388454/,downloaded
Aloo Jeera,North Indian,north-indian/aloo-jeera.jpg,https://images.pexels.com/photos/36343375/pexels-photo-36343375.jpeg?auto=compress&cs=tinysrgb&h=650&w=940,https://www.pexels.com/photo/delicious-spicy-indian-aloo-kofta-curry-dish-36343375/,downloaded
Navratan Korma,North Indian,north-indian/navratan-korma.jpg,https://images.pexels.com/photos/10508207/pexels-photo-10508207.jpeg?auto=compress&cs=tinysrgb&h=650&w=940,https://www.pexels.com/photo/bowls-of-mouth-watering-indian-food-on-a-wooden-table-10508207/,downloaded
Amritsari Fish Fry,North Indian,north-indian/amritsari-fish-fry.jpg,https://images.pexels.com/photos/33865326/pexels-photo-33865326.jpeg?auto=compress&cs=tinysrgb&h=650&w=940,https://www.pexels.com/photo/pan-fried-fish-fillet-in-sizzling-oil-33865326/,downloaded
Murgh Lababdar,North Indian,north-indian/murgh-lababdar.jpg,https://images.pexels.com/photos/35158690/pexels-photo-35158690.jpeg?auto=compress&cs=tinysrgb&h=650&w=940,https://www.pexels.com/photo/delicious-butter-chicken-curry-in-brass-bowl-35158690/,downloaded
Mutton Korma,North Indian,north-indian/mutton-korma.jpg,https://images.pexels.com/photos/34217292/pexels-photo-34217292.jpeg?auto=compress&cs=tinysrgb&h=650&w=940,https://www.pexels.com/photo/indian-curry-dish-with-fresh-garnish-34217292/,downloaded
Garlic Butter Prawns,Seafood,seafood/garlic-butter-prawns.jpg,https://images.pexels.com/photos/7111475/pexels-photo-7111475.jpeg?auto=compress&cs=tinysrgb&h=650&w=940,https://www.pexels.com/photo/cooked-food-on-the-plate-7111475/,downloaded
Fish Tikka,Seafood,seafood/fish-tikka.jpg,https://images.pexels.com/photos/2580464/pexels-photo-2580464.jpeg?auto=compress&cs=tinysrgb&h=650&w=940,https://www.pexels.com/photo/fried-food-2580464/,downloaded
Calamari Rings,Seafood,seafood/calamari-rings.jpg,https://images.pexels.com/photos/4181933/pexels-photo-4181933.jpeg?auto=compress&cs=tinysrgb&h=650&w=940,https://www.pexels.com/photo/fried-onion-rings-and-slices-of-lime-4181933/,downloaded
Crab Pepper Fry,Seafood,seafood/crab-pepper-fry.jpg,https://images.pexels.com/photos/4869432/pexels-photo-4869432.jpeg?auto=compress&cs=tinysrgb&h=650&w=940,https://www.pexels.com/photo/seafood-on-blue-ceramic-bowl-4869432/,downloaded
Grilled Lemon Fish,Seafood,seafood/grilled-lemon-fish.jpg,https://images.pexels.com/photos/10917524/pexels-photo-10917524.jpeg?auto=compress&cs=tinysrgb&h=650&w=940,https://www.pexels.com/photo/fresh-fishes-on-top-of-a-griller-10917524/,downloaded
Malabar Prawn Curry,Seafood,seafood/malabar-prawn-curry.jpg,https://images.pexels.com/photos/36009124/pexels-photo-36009124.jpeg?auto=compress&cs=tinysrgb&h=650&w=940,https://www.pexels.com/photo/spicy-grilled-shrimp-with-red-chili-peppers-36009124/,downloaded
Seafood Platter,Seafood,seafood/seafood-platter.jpg,https://images.pexels.com/photos/566343/pexels-photo-566343.jpeg?auto=compress&cs=tinysrgb&h=650&w=940,https://www.pexels.com/photo/bowl-of-mussels-and-shrimps-selective-focus-photography-566343/,downloaded
Paneer Malai Tikka,Grill & BBQ,grill-bbq/paneer-malai-tikka.jpg,https://images.pexels.com/photos/20395267/pexels-photo-20395267.jpeg?auto=compress&cs=tinysrgb&h=650&w=940,https://www.pexels.com/photo/a-dish-with-green-sauce-on-the-side-20395267/,downloaded
Tandoori Broccoli,Grill & BBQ,grill-bbq/tandoori-broccoli.jpg,https://images.pexels.com/photos/20422195/pexels-photo-20422195.jpeg?auto=compress&cs=tinysrgb&h=650&w=940,https://www.pexels.com/photo/meal-on-plate-20422195/,downloaded
Stuffed Grilled Potato,Grill & BBQ,grill-bbq/stuffed-grilled-potato.jpg,https://images.pexels.com/photos/9219090/pexels-photo-9219090.jpeg?auto=compress&cs=tinysrgb&h=650&w=940,https://www.pexels.com/photo/delicious-food-in-plate-9219090/,downloaded
Smoky Veg Skewer Platter,Grill & BBQ,grill-bbq/smoky-veg-skewer-platter.jpg,https://images.pexels.com/photos/8523134/pexels-photo-8523134.jpeg?auto=compress&cs=tinysrgb&h=650&w=940,https://www.pexels.com/photo/a-grilled-vegetables-on-a-griller-8523134/,downloaded
Tandoori Chicken,Grill & BBQ,grill-bbq/tandoori-chicken.jpg,https://images.pexels.com/photos/36895285/pexels-photo-36895285.jpeg?auto=compress&cs=tinysrgb&h=650&w=940,https://www.pexels.com/photo/spicy-tandoori-chicken-with-lime-on-wooden-board-36895285/,downloaded
BBQ Chicken Wings,Grill & BBQ,grill-bbq/bbq-chicken-wings.jpg,https://images.pexels.com/photos/106343/pexels-photo-106343.jpeg?auto=compress&cs=tinysrgb&h=650&w=940,https://www.pexels.com/photo/close-up-photo-of-grilled-chicken-106343/,downloaded
Lamb Seekh Kebab,Grill & BBQ,grill-bbq/lamb-seekh-kebab.jpg,https://images.pexels.com/photos/6522658/pexels-photo-6522658.jpeg?auto=compress&cs=tinysrgb&h=650&w=940,https://www.pexels.com/photo/mutton-seekh-kebab-and-sauces-6522658/,downloaded
Jeera Rice,Rice,rice/jeera-rice.jpg,https://images.pexels.com/photos/35267286/pexels-photo-35267286.jpeg?auto=compress&cs=tinysrgb&h=650&w=940,https://www.pexels.com/photo/delicious-jeera-rice-with-indian-sides-35267286/,downloaded
Veg Pulao,Rice,rice/veg-pulao.jpg,https://images.pexels.com/photos/35552983/pexels-photo-35552983.jpeg?auto=compress&cs=tinysrgb&h=650&w=940,https://www.pexels.com/photo/delicious-homemade-pea-pulao-in-glass-bowl-35552983/,downloaded
Paneer Fried Rice,Rice,rice/paneer-fried-rice.jpg,https://images.pexels.com/photos/9609859/pexels-photo-9609859.jpeg?auto=compress&cs=tinysrgb&h=650&w=940,https://www.pexels.com/photo/rice-with-meat-and-bowls-with-sauces-9609859/,downloaded
Curd Rice,Rice,rice/curd-rice.jpg,https://images.pexels.com/photos/35175194/pexels-photo-35175194.jpeg?auto=compress&cs=tinysrgb&h=650&w=940,https://www.pexels.com/photo/south-indian-curd-rice-on-green-background-35175194/,downloaded
Egg Fried Rice,Rice,rice/egg-fried-rice.jpg,https://images.pexels.com/photos/35049888/pexels-photo-35049888.jpeg?auto=compress&cs=tinysrgb&h=650&w=940,https://www.pexels.com/photo/thai-omelette-with-heart-shaped-rice-on-rustic-table-35049888/,downloaded
Chicken Pulao,Rice,rice/chicken-pulao.jpg,https://images.pexels.com/photos/7340914/pexels-photo-7340914.jpeg?auto=compress&cs=tinysrgb&h=650&w=940,https://www.pexels.com/photo/different-traditional-food-on-a-brass-tray-7340914/,downloaded
Prawn Fried Rice,Rice,rice/prawn-fried-rice.jpg,https://images.pexels.com/photos/37287422/pexels-photo-37287422.jpeg?auto=compress&cs=tinysrgb&h=650&w=940,https://www.pexels.com/photo/delicious-indonesian-nasi-goreng-with-vegetables-37287422/,downloaded
Veg Dum Biryani,Biryani,biryani/veg-dum-biryani.jpg,https://images.pexels.com/photos/9609833/pexels-photo-9609833.jpeg?auto=compress&cs=tinysrgb&h=650&w=940,https://www.pexels.com/photo/top-view-of-an-indian-dish-9609833/,downloaded
Paneer Biryani,Biryani,biryani/paneer-biryani.jpg,https://images.pexels.com/photos/9609859/pexels-photo-9609859.jpeg?auto=compress&cs=tinysrgb&h=650&w=940,https://www.pexels.com/photo/rice-with-meat-and-bowls-with-sauces-9609859/,downloaded
Mushroom Biryani,Biryani,biryani/mushroom-biryani.jpg,https://images.pexels.com/photos/32083366/pexels-photo-32083366.jpeg?auto=compress&cs=tinysrgb&h=650&w=940,https://www.pexels.com/photo/vibrant-indian-feast-with-biryani-and-momos-32083366/,downloaded
Hyderabadi Veg Biryani,Biryani,biryani/hyderabadi-veg-biryani.jpg,https://images.pexels.com/photos/28674660/pexels-photo-28674660.jpeg?auto=compress&cs=tinysrgb&h=650&w=940,https://www.pexels.com/photo/delicious-indian-chicken-biryani-with-spicy-curry-28674660/,downloaded
Hyderabadi Chicken Biryani,Biryani,biryani/hyderabadi-chicken-biryani.jpg,https://images.pexels.com/photos/28674660/pexels-photo-28674660.jpeg?auto=compress&cs=tinysrgb&h=650&w=940,https://www.pexels.com/photo/delicious-indian-chicken-biryani-with-spicy-curry-28674660/,downloaded
Mutton Biryani,Biryani,biryani/mutton-biryani.jpg,https://images.pexels.com/photos/9609863/pexels-photo-9609863.jpeg?auto=compress&cs=tinysrgb&h=650&w=940,https://www.pexels.com/photo/a-rice-meal-in-a-ceramic-bowl-9609863/,downloaded
Prawn Biryani,Biryani,biryani/prawn-biryani.jpg,https://images.pexels.com/photos/9609861/pexels-photo-9609861.jpeg?auto=compress&cs=tinysrgb&h=650&w=940,https://www.pexels.com/photo/a-rice-meal-in-a-stainless-steel-bowl-9609861/,downloaded
Tandoori Roti,Bread,bread/tandoori-roti.jpg,https://images.pexels.com/photos/28674556/pexels-photo-28674556.jpeg?auto=compress&cs=tinysrgb&h=650&w=940,https://www.pexels.com/photo/assorted-indian-breads-in-a-wicker-basket-28674556/,downloaded
Butter Naan,Bread,bread/butter-naan.jpg,https://images.pexels.com/photos/28125427/pexels-photo-28125427.jpeg?auto=compress&cs=tinysrgb&h=650&w=940,https://www.pexels.com/photo/naan-roti-tarkari-everest-tandoori-kitchen-28125427/,downloaded
Garlic Naan,Bread,bread/garlic-naan.jpg,https://images.pexels.com/photos/10337726/pexels-photo-10337726.jpeg?auto=compress&cs=tinysrgb&h=650&w=940,https://www.pexels.com/photo/a-plate-of-a-cheese-garlic-naan-10337726/,downloaded
Cheese Naan,Bread,bread/cheese-naan.jpg,https://images.pexels.com/photos/5127316/pexels-photo-5127316.jpeg?auto=compress&cs=tinysrgb&h=650&w=940,https://www.pexels.com/photo/soup-and-bread-5127316/,downloaded
Lachha Paratha,Bread,bread/lachha-paratha.jpg,https://images.pexels.com/photos/20446390/pexels-photo-20446390.jpeg?auto=compress&cs=tinysrgb&h=650&w=940,https://www.pexels.com/photo/top-view-of-lachha-bread-20446390/,downloaded
Kulcha,Bread,bread/kulcha.jpg,https://images.pexels.com/photos/15020544/pexels-photo-15020544.png?auto=compress&cs=tinysrgb&h=650&w=940,https://www.pexels.com/photo/cooking-pasty-with-homemade-dough-on-kitchen-steel-surface-15020544/,downloaded
Roomali Roti,Bread,bread/roomali-roti.jpg,https://images.pexels.com/photos/33863999/pexels-photo-33863999.jpeg?auto=compress&cs=tinysrgb&h=650&w=940,https://www.pexels.com/photo/traditional-flatbread-cooking-on-open-flame-33863999/,downloaded
Gulab Jamun,Desserts,desserts/gulab-jamun.jpg,https://images.pexels.com/photos/11887844/pexels-photo-11887844.jpeg?auto=compress&cs=tinysrgb&h=650&w=940,https://www.pexels.com/photo/close-up-photo-of-gulab-jamun-11887844/,downloaded
Rasmalai,Desserts,desserts/rasmalai.jpg,https://images.pexels.com/photos/20446408/pexels-photo-20446408.jpeg?auto=compress&cs=tinysrgb&h=650&w=940,https://www.pexels.com/photo/top-view-of-dessert-in-a-cup-and-a-spoon-on-multi-colored-background-20446408/,downloaded
Brownie Sundae,Desserts,desserts/brownie-sundae.jpg,https://images.pexels.com/photos/10480244/pexels-photo-10480244.jpeg?auto=compress&cs=tinysrgb&h=650&w=940,https://www.pexels.com/photo/a-lava-cake-with-ice-cream-and-cherry-on-top-10480244/,downloaded
Tiramisu Cup,Desserts,desserts/tiramisu-cup.jpg,https://images.pexels.com/photos/754954/pexels-photo-754954.jpeg?auto=compress&cs=tinysrgb&h=650&w=940,https://www.pexels.com/photo/tiramisu-and-coffee-754954/,downloaded
Kunafa Delight,Desserts,desserts/kunafa-delight.jpg,https://images.pexels.com/photos/36691305/pexels-photo-36691305.jpeg?auto=compress&cs=tinysrgb&h=650&w=940,https://www.pexels.com/photo/delicious-kunafa-dessert-garnished-with-pistachios-36691305/,downloaded
Churros with Chocolate Dip,Desserts,desserts/churros-with-chocolate-dip.jpg,https://images.pexels.com/photos/36361401/pexels-photo-36361401.jpeg?auto=compress&cs=tinysrgb&h=650&w=940,https://www.pexels.com/photo/delicious-churros-with-chocolate-dip-on-plate-36361401/,downloaded
Baked Cheesecake Slice,Desserts,desserts/baked-cheesecake-slice.jpg,https://images.pexels.com/photos/11653565/pexels-photo-11653565.jpeg?auto=compress&cs=tinysrgb&h=650&w=940,https://www.pexels.com/photo/cheesecake-with-strawberry-jam-11653565/,downloaded
Vanilla Bean Scoop,Ice Cream,ice-cream/vanilla-bean-scoop.jpg,https://images.pexels.com/photos/5060456/pexels-photo-5060456.jpeg?auto=compress&cs=tinysrgb&h=650&w=940,https://www.pexels.com/photo/close-up-of-cream-surface-5060456/,downloaded
Belgian Chocolate Scoop,Ice Cream,ice-cream/belgian-chocolate-scoop.jpg,https://images.pexels.com/photos/13133432/pexels-photo-13133432.jpeg?auto=compress&cs=tinysrgb&h=650&w=940,https://www.pexels.com/photo/a-scoop-of-ice-cream-13133432/,downloaded
Strawberry Cream Scoop,Ice Cream,ice-cream/strawberry-cream-scoop.jpg,https://images.pexels.com/photos/27116187/pexels-photo-27116187.jpeg?auto=compress&cs=tinysrgb&h=650&w=940,https://www.pexels.com/photo/ice-creams-and-strawberries-27116187/,downloaded
Butterscotch Crunch Scoop,Ice Cream,ice-cream/butterscotch-crunch-scoop.jpg,https://images.pexels.com/photos/5060454/pexels-photo-5060454.jpeg?auto=compress&cs=tinysrgb&h=650&w=940,https://www.pexels.com/photo/close-up-of-ice-cream-with-caramel-sauce-and-nuts-on-top-5060454/,downloaded
Pistachio Kulfi Scoop,Ice Cream,ice-cream/pistachio-kulfi-scoop.jpg,https://images.pexels.com/photos/36576778/pexels-photo-36576778.jpeg?auto=compress&cs=tinysrgb&h=650&w=940,https://www.pexels.com/photo/delicious-kulfi-ice-cream-with-nuts-and-vermicelli-36576778/,downloaded
Mango Sorbet Scoop,Ice Cream,ice-cream/mango-sorbet-scoop.jpg,https://images.pexels.com/photos/5060371/pexels-photo-5060371.jpeg?auto=compress&cs=tinysrgb&h=650&w=940,https://www.pexels.com/photo/close-up-of-ice-cream-with-a-mango-5060371/,downloaded
Sundae Royal,Ice Cream,ice-cream/sundae-royal.jpg,https://images.pexels.com/photos/17653878/pexels-photo-17653878.jpeg?auto=compress&cs=tinysrgb&h=650&w=940,https://www.pexels.com/photo/ice-cream-dessert-with-strawberries-17653878/,downloaded
Black Forest Pastry,Cakes,cakes/black-forest-pastry.jpg,https://images.pexels.com/photos/2147868/pexels-photo-2147868.jpeg?auto=compress&cs=tinysrgb&h=650&w=940,https://www.pexels.com/photo/cake-with-white-icing-on-white-saucer-2147868/,downloaded
Red Velvet Slice,Cakes,cakes/red-velvet-slice.jpg,https://images.pexels.com/photos/12364900/pexels-photo-12364900.jpeg?auto=compress&cs=tinysrgb&h=650&w=940,https://www.pexels.com/photo/delicious-chocolate-with-cream-pastries-12364900/,downloaded
Triple Chocolate Truffle,Cakes,cakes/triple-chocolate-truffle.jpg,https://images.pexels.com/photos/27850066/pexels-photo-27850066.jpeg?auto=compress&cs=tinysrgb&h=650&w=940,https://www.pexels.com/photo/chia-balls-27850066/,downloaded
Blueberry Cheesecake Slice,Cakes,cakes/blueberry-cheesecake-slice.jpg,https://images.pexels.com/photos/7710242/pexels-photo-7710242.jpeg?auto=compress&cs=tinysrgb&h=650&w=940,https://www.pexels.com/photo/close-up-shot-of-a-slice-of-cheesecake-on-a-plate-7710242/,downloaded
Caramel Almond Cake,Cakes,cakes/caramel-almond-cake.jpg,https://images.pexels.com/photos/4161223/pexels-photo-4161223.jpeg?auto=compress&cs=tinysrgb&h=650&w=940,https://www.pexels.com/photo/a-slice-of-caramel-cake-with-chocolate-coated-nuts-4161223/,downloaded
Mango Mousse Cake,Cakes,cakes/mango-mousse-cake.jpg,https://images.pexels.com/photos/8250150/pexels-photo-8250150.jpeg?auto=compress&cs=tinysrgb&h=650&w=940,https://www.pexels.com/photo/close-up-photograph-of-an-orange-and-white-cake-8250150/,downloaded
Opera Cake Slice,Cakes,cakes/opera-cake-slice.jpg,https://images.pexels.com/photos/10249461/pexels-photo-10249461.jpeg?auto=compress&cs=tinysrgb&h=650&w=940,https://www.pexels.com/photo/close-up-of-chocolate-cakes-10249461/,downloaded
Espresso Shot,Coffee,coffee/espresso-shot.jpg,https://images.pexels.com/photos/12039010/pexels-photo-12039010.jpeg?auto=compress&cs=tinysrgb&h=650&w=940,https://www.pexels.com/photo/high-angle-shot-of-a-cup-of-coffee-12039010/,downloaded
Americano,Coffee,coffee/americano.jpg,https://images.pexels.com/photos/7855562/pexels-photo-7855562.jpeg?auto=compress&cs=tinysrgb&h=650&w=940,https://www.pexels.com/photo/black-coffee-in-white-ceramic-cup-and-saucer-7855562/,downloaded
Cappuccino,Coffee,coffee/cappuccino.jpg,https://images.pexels.com/photos/22221952/pexels-photo-22221952.jpeg?auto=compress&cs=tinysrgb&h=650&w=940,https://www.pexels.com/photo/cups-of-coffee-22221952/,downloaded
Cafe Latte,Coffee,coffee/cafe-latte.jpg,https://images.pexels.com/photos/34452163/pexels-photo-34452163.jpeg?auto=compress&cs=tinysrgb&h=650&w=940,https://www.pexels.com/photo/delicious-latte-art-in-two-glass-cups-34452163/,downloaded
Mocha,Coffee,coffee/mocha.jpg,https://images.pexels.com/photos/20066366/pexels-photo-20066366.jpeg?auto=compress&cs=tinysrgb&h=650&w=940,https://www.pexels.com/photo/close-up-of-a-glass-of-coffee-with-four-layers-20066366/,downloaded
Cold Coffee Classic,Coffee,coffee/cold-coffee-classic.jpg,https://images.pexels.com/photos/15023134/pexels-photo-15023134.jpeg?auto=compress&cs=tinysrgb&h=650&w=940,https://www.pexels.com/photo/a-glass-of-coffee-on-a-wooden-surface-15023134/,downloaded
Hazelnut Frappe,Coffee,coffee/hazelnut-frappe.jpg,https://images.pexels.com/photos/1562465/pexels-photo-1562465.jpeg?auto=compress&cs=tinysrgb&h=650&w=940,https://www.pexels.com/photo/cup-of-drink-1562465/,downloaded
Masala Chai,Tea,tea/masala-chai.jpg,https://images.pexels.com/photos/18413481/pexels-photo-18413481.jpeg?auto=compress&cs=tinysrgb&h=650&w=940,https://www.pexels.com/photo/man-preparing-a-hot-drink-at-a-market-18413481/,downloaded
Ginger Tea,Tea,tea/ginger-tea.jpg,https://images.pexels.com/photos/29650995/pexels-photo-29650995.jpeg?auto=compress&cs=tinysrgb&h=650&w=940,https://www.pexels.com/photo/masala-chai-with-ginger-on-marble-surface-29650995/,downloaded
Lemon Tea,Tea,tea/lemon-tea.jpg,https://images.pexels.com/photos/8619612/pexels-photo-8619612.jpeg?auto=compress&cs=tinysrgb&h=650&w=940,https://www.pexels.com/photo/close-up-shot-of-a-drinking-glass-8619612/,downloaded
Green Tea,Tea,tea/green-tea.jpg,https://images.pexels.com/photos/8952049/pexels-photo-8952049.jpeg?auto=compress&cs=tinysrgb&h=650&w=940,https://www.pexels.com/photo/a-person-putting-green-tea-leaves-into-a-bowl-8952049/,downloaded
Elaichi Tea,Tea,tea/elaichi-tea.jpg,https://images.pexels.com/photos/33815730/pexels-photo-33815730.jpeg?auto=compress&cs=tinysrgb&h=650&w=940,https://www.pexels.com/photo/traditional-turkish-tea-in-nature-setting-33815730/,downloaded
Kashmiri Kahwa,Tea,tea/kashmiri-kahwa.jpg,https://images.pexels.com/photos/26244137/pexels-photo-26244137.jpeg?auto=compress&cs=tinysrgb&h=650&w=940,https://www.pexels.com/photo/close-up-of-pots-standing-in-the-fire-26244137/,downloaded
Iced Peach Tea,Tea,tea/iced-peach-tea.jpg,https://images.pexels.com/photos/12997015/pexels-photo-12997015.jpeg?auto=compress&cs=tinysrgb&h=650&w=940,https://www.pexels.com/photo/drink-on-a-table-12997015/,downloaded
Chocolate Thick Shake,Milkshakes,milkshakes/chocolate-thick-shake.jpg,https://images.pexels.com/photos/34926740/pexels-photo-34926740.jpeg?auto=compress&cs=tinysrgb&h=650&w=940,https://www.pexels.com/photo/delicious-chocolate-milkshake-with-whipped-cream-34926740/,downloaded
Vanilla Oreo Shake,Milkshakes,milkshakes/vanilla-oreo-shake.jpg,https://images.pexels.com/photos/36025971/pexels-photo-36025971.jpeg?auto=compress&cs=tinysrgb&h=650&w=940,https://www.pexels.com/photo/delicious-oreo-milkshake-in-a-vibrant-setting-36025971/,downloaded
Strawberry Shake,Milkshakes,milkshakes/strawberry-shake.jpg,https://images.pexels.com/photos/845552/pexels-photo-845552.jpeg?auto=compress&cs=tinysrgb&h=650&w=940,https://www.pexels.com/photo/clear-drinking-glass-with-strawberry-845552/,downloaded
Butterscotch Shake,Milkshakes,milkshakes/butterscotch-shake.jpg,https://images.pexels.com/photos/7091585/pexels-photo-7091585.jpeg?auto=compress&cs=tinysrgb&h=650&w=940,https://www.pexels.com/photo/milk-cocktail-with-cream-and-biscuit-7091585/,downloaded
Cold Coffee Shake,Milkshakes,milkshakes/cold-coffee-shake.jpg,https://images.pexels.com/photos/20066464/pexels-photo-20066464.jpeg?auto=compress&cs=tinysrgb&h=650&w=940,https://www.pexels.com/photo/close-up-of-a-milkshake-with-chocolate-20066464/,downloaded
Mango Almond Shake,Milkshakes,milkshakes/mango-almond-shake.jpg,https://images.pexels.com/photos/8211179/pexels-photo-8211179.jpeg?auto=compress&cs=tinysrgb&h=650&w=940,https://www.pexels.com/photo/close-up-of-a-mango-shake-8211179/,downloaded
KitKat Crunch Shake,Milkshakes,milkshakes/kitkat-crunch-shake.jpg,https://images.pexels.com/photos/34964949/pexels-photo-34964949.jpeg?auto=compress&cs=tinysrgb&h=650&w=940,https://www.pexels.com/photo/delicious-waffle-and-chocolate-dessert-close-up-34964949/,downloaded
Berry Blast Smoothie,Smoothies,smoothies/berry-blast-smoothie.jpg,https://images.pexels.com/photos/4443507/pexels-photo-4443507.jpeg?auto=compress&cs=tinysrgb&h=650&w=940,https://www.pexels.com/photo/three-bottles-of-smoothie-beside-berries-4443507/,downloaded
Mango Yogurt Smoothie,Smoothies,smoothies/mango-yogurt-smoothie.jpg,https://images.pexels.com/photos/17200460/pexels-photo-17200460.jpeg?auto=compress&cs=tinysrgb&h=650&w=940,https://www.pexels.com/photo/mango-cocktail-set-next-to-cut-up-mango-fruit-17200460/,downloaded
Banana Peanut Smoothie,Smoothies,smoothies/banana-peanut-smoothie.jpg,https://images.pexels.com/photos/14950906/pexels-photo-14950906.jpeg?auto=compress&cs=tinysrgb&h=650&w=940,https://www.pexels.com/photo/dessert-with-peanuts-and-banana-14950906/,downloaded
Kiwi Mint Smoothie,Smoothies,smoothies/kiwi-mint-smoothie.jpg,https://images.pexels.com/photos/6708442/pexels-photo-6708442.jpeg?auto=compress&cs=tinysrgb&h=650&w=940,https://www.pexels.com/photo/bowls-of-fresh-fruits-breakfast-6708442/,downloaded
Pineapple Coconut Smoothie,Smoothies,smoothies/pineapple-coconut-smoothie.jpg,https://images.pexels.com/photos/10986589/pexels-photo-10986589.jpeg?auto=compress&cs=tinysrgb&h=650&w=940,https://www.pexels.com/photo/close-up-of-a-cocktail-drink-10986589/,downloaded
Avocado Honey Smoothie,Smoothies,smoothies/avocado-honey-smoothie.jpg,https://images.pexels.com/photos/16096610/pexels-photo-16096610.jpeg?auto=compress&cs=tinysrgb&h=650&w=940,https://www.pexels.com/photo/homemade-healthy-shakes-in-wineglasses-on-table-16096610/,downloaded
Detox Green Smoothie,Smoothies,smoothies/detox-green-smoothie.jpg,https://images.pexels.com/photos/11896097/pexels-photo-11896097.jpeg?auto=compress&cs=tinysrgb&h=650&w=940,https://www.pexels.com/photo/close-up-photograph-of-a-vegetable-smoothie-beside-an-angel-sculpture-11896097/,downloaded
Orange Juice,Fresh Juice,fresh-juice/orange-juice.jpg,https://images.pexels.com/photos/14510445/pexels-photo-14510445.jpeg?auto=compress&cs=tinysrgb&h=650&w=940,https://www.pexels.com/photo/orange-juice-in-clear-drinking-glass-14510445/,downloaded
Watermelon Juice,Fresh Juice,fresh-juice/watermelon-juice.jpg,https://images.pexels.com/photos/11009203/pexels-photo-11009203.jpeg?auto=compress&cs=tinysrgb&h=650&w=940,https://www.pexels.com/photo/a-glass-of-watermelon-juice-11009203/,downloaded
Sweet Lime Juice,Fresh Juice,fresh-juice/sweet-lime-juice.jpg,https://images.pexels.com/photos/8679351/pexels-photo-8679351.jpeg?auto=compress&cs=tinysrgb&h=650&w=940,https://www.pexels.com/photo/lime-juice-in-close-up-photography-8679351/,downloaded
Pineapple Juice,Fresh Juice,fresh-juice/pineapple-juice.jpg,https://images.pexels.com/photos/27518954/pexels-photo-27518954.jpeg?auto=compress&cs=tinysrgb&h=650&w=940,https://www.pexels.com/photo/fresh-fruit-and-vegetables-are-displayed-on-a-table-27518954/,downloaded
Pomegranate Juice,Fresh Juice,fresh-juice/pomegranate-juice.jpg,https://images.pexels.com/photos/9508010/pexels-photo-9508010.jpeg?auto=compress&cs=tinysrgb&h=650&w=940,https://www.pexels.com/photo/a-bunch-of-pomegranates-and-lemons-9508010/,downloaded
Carrot Beetroot Juice,Fresh Juice,fresh-juice/carrot-beetroot-juice.jpg,https://images.pexels.com/photos/161440/smoothie-fruit-vegetables-salad-beetroot-carrots-161440.jpeg?auto=compress&cs=tinysrgb&h=650&w=940,https://www.pexels.com/photo/carrot-fruit-beside-lemon-fruit-on-black-wooden-table-161440/,downloaded
Mixed Fruit Juice,Fresh Juice,fresh-juice/mixed-fruit-juice.jpg,https://images.pexels.com/photos/2479243/pexels-photo-2479243.jpeg?auto=compress&cs=tinysrgb&h=650&w=940,https://www.pexels.com/photo/two-clear-drinking-glasses-with-strawberry-juice-2479243/,downloaded
Virgin Mojito,Mocktails,mocktails/virgin-mojito.jpg,https://images.pexels.com/photos/4051220/pexels-photo-4051220.jpeg?auto=compress&cs=tinysrgb&h=650&w=940,https://www.pexels.com/photo/photo-of-glasses-with-mint-leaves-4051220/,downloaded
Blue Lagoon,Mocktails,mocktails/blue-lagoon.jpg,https://images.pexels.com/photos/4572861/pexels-photo-4572861.jpeg?auto=compress&cs=tinysrgb&h=650&w=940,https://www.pexels.com/photo/woman-bathing-in-the-sea-4572861/,downloaded
Watermelon Mint Cooler,Mocktails,mocktails/watermelon-mint-cooler.jpg,https://images.pexels.com/photos/8755253/pexels-photo-8755253.jpeg?auto=compress&cs=tinysrgb&h=650&w=940,https://www.pexels.com/photo/watermelon-juice-on-glasses-8755253/,downloaded
Mango Passion Fizz,Mocktails,mocktails/mango-passion-fizz.jpg,https://images.pexels.com/photos/6059781/pexels-photo-6059781.jpeg?auto=compress&cs=tinysrgb&h=650&w=940,https://www.pexels.com/photo/cocktail-drink-on-a-cocktail-glass-6059781/,downloaded
Cucumber Basil Spritzer,Mocktails,mocktails/cucumber-basil-spritzer.jpg,https://images.pexels.com/photos/7259020/pexels-photo-7259020.jpeg?auto=compress&cs=tinysrgb&h=650&w=940,https://www.pexels.com/photo/close-up-photo-of-a-cocktail-drink-with-sliced-cucumbers-7259020/,downloaded
Berry Ginger Smash,Mocktails,mocktails/berry-ginger-smash.jpg,https://images.pexels.com/photos/6654942/pexels-photo-6654942.jpeg?auto=compress&cs=tinysrgb&h=650&w=940,https://www.pexels.com/photo/close-up-photo-of-fruits-in-a-box-6654942/,downloaded
Pina Colada Mocktail,Mocktails,mocktails/pina-colada-mocktail.jpg,https://images.pexels.com/photos/10986589/pexels-photo-10986589.jpeg?auto=compress&cs=tinysrgb&h=650&w=940,https://www.pexels.com/photo/close-up-of-a-cocktail-drink-10986589/,downloaded
Mineral Water,Soft Drinks,soft-drinks/mineral-water.jpg,https://images.pexels.com/photos/1540235/pexels-photo-1540235.jpeg?auto=compress&cs=tinysrgb&h=650&w=940,https://www.pexels.com/photo/set-of-plastic-bottles-with-cold-water-1540235/,downloaded
Sparkling Water,Soft Drinks,soft-drinks/sparkling-water.jpg,https://images.pexels.com/photos/12987477/pexels-photo-12987477.jpeg?auto=compress&cs=tinysrgb&h=650&w=940,https://www.pexels.com/photo/clear-glass-with-ice-cubes-in-close-up-shot-12987477/,downloaded
Cola,Soft Drinks,soft-drinks/cola.jpg,https://images.pexels.com/photos/4113632/pexels-photo-4113632.jpeg?auto=compress&cs=tinysrgb&h=650&w=940,https://www.pexels.com/photo/coca-cola-can-beside-drinking-glass-4113632/,downloaded
Lemon Soda,Soft Drinks,soft-drinks/lemon-soda.jpg,https://images.pexels.com/photos/4045205/pexels-photo-4045205.jpeg?auto=compress&cs=tinysrgb&h=650&w=940,https://www.pexels.com/photo/photograph-of-a-glass-with-soda-water-4045205/,downloaded
Orange Fizz,Soft Drinks,soft-drinks/orange-fizz.jpg,https://images.pexels.com/photos/6930627/pexels-photo-6930627.jpeg?auto=compress&cs=tinysrgb&h=650&w=940,https://www.pexels.com/photo/glass-of-cocktail-with-orange-6930627/,downloaded
Ginger Ale,Soft Drinks,soft-drinks/ginger-ale.jpg,https://images.pexels.com/photos/29105521/pexels-photo-29105521.jpeg?auto=compress&cs=tinysrgb&h=650&w=940,https://www.pexels.com/photo/canada-dry-ginger-ale-blackberry-can-on-red-background-29105521/,downloaded
Tonic Lime,Soft Drinks,soft-drinks/tonic-lime.jpg,https://images.pexels.com/photos/7356871/pexels-photo-7356871.jpeg?auto=compress&cs=tinysrgb&h=650&w=940,https://www.pexels.com/photo/gin-and-schweppes-7356871/,downloaded
Mini Veg Burger Meal,Kids Menu,kids-menu/mini-veg-burger-meal.jpg,https://images.pexels.com/photos/36963518/pexels-photo-36963518.jpeg?auto=compress&cs=tinysrgb&h=650&w=940,https://www.pexels.com/photo/tasty-mini-sliders-on-a-plate-with-garnish-36963518/,downloaded
Cheesy Pasta Bowl,Kids Menu,kids-menu/cheesy-pasta-bowl.jpg,https://images.pexels.com/photos/14930719/pexels-photo-14930719.jpeg?auto=compress&cs=tinysrgb&h=650&w=940,https://www.pexels.com/photo/foil-packed-baked-pasta-in-ceramic-bowl-14930719/,downloaded
Crispy Potato Smiles,Kids Menu,kids-menu/crispy-potato-smiles.jpg,https://images.pexels.com/photos/36576823/pexels-photo-36576823.jpeg?auto=compress&cs=tinysrgb&h=650&w=940,https://www.pexels.com/photo/gourmet-sliced-potato-with-cheese-and-herbs-36576823/,downloaded
Mini Cheese Pizza,Kids Menu,kids-menu/mini-cheese-pizza.jpg,https://images.pexels.com/photos/5112509/pexels-photo-5112509.jpeg?auto=compress&cs=tinysrgb&h=650&w=940,https://www.pexels.com/photo/mini-pizzas-on-a-tray-5112509/,downloaded
Chicken Popcorn Cup,Kids Menu,kids-menu/chicken-popcorn-cup.jpg,https://images.pexels.com/photos/28573376/pexels-photo-28573376.jpeg?auto=compress&cs=tinysrgb&h=650&w=940,https://www.pexels.com/photo/crispy-taiwanese-popcorn-chicken-in-basket-28573376/,downloaded
Mini Chicken Burger Meal,Kids Menu,kids-menu/mini-chicken-burger-meal.jpg,https://images.pexels.com/photos/38036571/pexels-photo-38036571.jpeg?auto=compress&cs=tinysrgb&h=650&w=940,https://www.pexels.com/photo/platter-of-mini-chicken-burgers-with-sesame-buns-38036571/,downloaded
Fish Nugget Box,Kids Menu,kids-menu/fish-nugget-box.jpg,https://images.pexels.com/photos/11710530/pexels-photo-11710530.jpeg?auto=compress&cs=tinysrgb&h=650&w=940,https://www.pexels.com/photo/close-up-photography-of-nuggets-11710530/,downloaded
Veg Family Feast,Family Combos,family-combos/veg-family-feast.jpg,https://images.pexels.com/photos/16171916/pexels-photo-16171916.jpeg?auto=compress&cs=tinysrgb&h=650&w=940,https://www.pexels.com/photo/abundance-of-food-on-table-16171916/,downloaded
South Indian Family Combo,Family Combos,family-combos/south-indian-family-combo.jpg,https://images.pexels.com/photos/28445827/pexels-photo-28445827.jpeg?auto=compress&cs=tinysrgb&h=650&w=940,https://www.pexels.com/photo/delicious-indian-chinese-noodle-and-manchurian-combo-28445827/,downloaded
Italian Family Combo,Family Combos,family-combos/italian-family-combo.jpg,https://images.pexels.com/photos/32524109/pexels-photo-32524109.jpeg?auto=compress&cs=tinysrgb&h=650&w=940,https://www.pexels.com/photo/delicious-assortment-of-fast-food-dishes-32524109/,downloaded
North Indian Family Combo,Family Combos,family-combos/north-indian-family-combo.jpg,https://images.pexels.com/photos/28445826/pexels-photo-28445826.jpeg?auto=compress&cs=tinysrgb&h=650&w=940,https://www.pexels.com/photo/delicious-indo-chinese-noodles-and-manchurian-28445826/,downloaded
Chicken Meal Combo,Family Combos,family-combos/chicken-meal-combo.jpg,https://images.pexels.com/photos/36879227/pexels-photo-36879227.jpeg?auto=compress&cs=tinysrgb&h=650&w=940,https://www.pexels.com/photo/crispy-fried-chicken-with-fries-and-coleslaw-36879227/,downloaded
Seafood Family Combo,Family Combos,family-combos/seafood-family-combo.jpg,https://images.pexels.com/photos/17597419/pexels-photo-17597419.jpeg?auto=compress&cs=tinysrgb&h=650&w=940,https://www.pexels.com/photo/meal-on-tray-17597419/,downloaded
Mixed Grill Family Combo,Family Combos,family-combos/mixed-grill-family-combo.jpg,https://images.pexels.com/photos/27819648/pexels-photo-27819648.jpeg?auto=compress&cs=tinysrgb&h=650&w=940,https://www.pexels.com/photo/a-table-with-a-variety-of-foods-on-it-27819648/,downloaded
Veg Party Starter Pack,Party Packs,party-packs/veg-party-starter-pack.jpg,https://images.pexels.com/photos/35066808/pexels-photo-35066808.jpeg?auto=compress&cs=tinysrgb&h=650&w=940,https://www.pexels.com/photo/delicious-manchurian-balls-with-garnish-35066808/,downloaded
Veg Celebration Meal Pack,Party Packs,party-packs/veg-celebration-meal-pack.jpg,https://images.pexels.com/photos/12737914/pexels-photo-12737914.jpeg?auto=compress&cs=tinysrgb&h=650&w=940,https://www.pexels.com/photo/top-view-of-an-indian-dish-with-rice-12737914/,downloaded
South Indian Breakfast Pack,Party Packs,party-packs/south-indian-breakfast-pack.jpg,https://images.pexels.com/photos/21751212/pexels-photo-21751212.jpeg?auto=compress&cs=tinysrgb&h=650&w=940,https://www.pexels.com/photo/sweet-bakery-snack-21751212/,downloaded
Premium Veg Catering Pack,Party Packs,party-packs/premium-veg-catering-pack.jpg,https://images.pexels.com/photos/6995260/pexels-photo-6995260.jpeg?auto=compress&cs=tinysrgb&h=650&w=940,https://www.pexels.com/photo/people-packing-food-6995260/,downloaded
Chicken Party Bucket,Party Packs,party-packs/chicken-party-bucket.jpg,https://images.pexels.com/photos/5474676/pexels-photo-5474676.jpeg?auto=compress&cs=tinysrgb&h=650&w=940,https://www.pexels.com/photo/shallow-focus-photo-of-delicious-fried-chickens-in-a-bucket-5474676/,downloaded
Biryani Celebration Pack,Party Packs,party-packs/biryani-celebration-pack.jpg,https://images.pexels.com/photos/5410401/pexels-photo-5410401.jpeg?auto=compress&cs=tinysrgb&h=650&w=940,https://www.pexels.com/photo/biryani-in-close-up-photography-5410401/,downloaded
Grand Event Mixed Pack,Party Packs,,,,not_found
